[
  {
    "id": "sym-attila",
    "title": "SYM Attila Elizabeth",
    "slug": "sym-attila",
    "categoryId": "standard",
    "useCases": "«Вьетнамская Веспа» для стильных фотосессий. Любимый выбор девушек благодаря ретро-дизайну, простоте упралвения и низкой посадке.",
    "benefits": [
      "Ретро-дизайн: Красивые формы в стиле Vespa LX и обилие хрома",
      "Удобство: Очень низкая посадка (ноги достают до земли) и мягкое широкое сиденье",
      "Практичность: Плоский пол для сумок и платьев",
      "Фотогеничность: Яркий красный цвет шикарно смотрится в Instagram"
    ],
    "specs": [
      "Двигатель: 110 куб. см",
      "Стиль: Ретро",
      "Цвет: Candy Red"
    ],
    "features": [
      "Хромированные зеркала и молдинги",
      "Открытие багажника с ключа",
      "Вместительный багажник",
      "Мягкая подвеска"
    ],
    "details": "",
    "image": "/images/transport/sym.webp",
    "isPopular": true,
    "isActive": true,
    "pricePerDay": "150к"
  },
  {
    "id": "honda-lead",
    "title": "Honda Lead",
    "slug": "honda-lead",
    "categoryId": "standard",
    "useCases": "Легендарный «Король багажников». Самый практичный скутер для тех, кто любит шоппинг, ездит на пляж с кучей вещей или ценит максимальное удобство.",
    "benefits": [
      "Гигантский багажник: Отсек на 37 литров вмещает два шлема и рюкзак. Руки всегда свободны",
      "Плоский пол: Удобно ставить пакеты в ногах, а девушкам — ездить в платьях",
      "Заправка без хлопот: Горловина бака спереди — не нужно открывать сиденье на заправке",
      "Низкая посадка: Идеален для людей невысокого роста, легко достать ногами до земли"
    ],
    "specs": [
      "Двигатель: 125 куб. см (eSP)",
      "Багажник: 37 литров (U-Box)",
      "Коробка: Автомат"
    ],
    "features": [
      "Мягкая и комфортная подвеска",
      "Складные подножки пассажира",
      "Экономичный и тихий двигатель",
      "Литые диски"
    ],
    "details": "",
    "image": "/images/transport/lead.webp",
    "isPopular": false,
    "isActive": true
  },
  {
    "id": "honda-vision",
    "title": "Honda Vision",
    "slug": "honda-vision",
    "categoryId": "standard",
    "useCases": "Абсолютный бестселлер и самый дружелюбный скутер. Легкий, послушный и красивый — идеальный выбор для новичков и хрупких девушек.",
    "benefits": [
      "Супер-легкий: Вес менее 100 кг — легко парковать и удерживать",
      "Элегантный стиль: Благородный цвет «Бордо» с коричневым салоном выглядит очень премиально",
      "Экономичность: Минимальный расход топлива",
      "Управляемость: Большие 14-дюймовые колеса дают хорошую устойчивость"
    ],
    "specs": [
      "Двигатель: 110 куб. см (eSP)",
      "Вес: ~96 кг",
      "Колеса: 14 дюймов"
    ],
    "features": [
      "Плоский пол (удобно для сумок)",
      "Низкая высота по седлу",
      "Система Idling Stop (глушит мотор на светофорах)",
      "Дисковый передний тормоз"
    ],
    "details": "",
    "image": "/images/transport/vision.webp",
    "isPopular": false,
    "isActive": true
  },
  {
    "id": "honda-airblade",
    "title": "Honda Airblade",
    "slug": "honda-airblade",
    "categoryId": "comfort",
    "useCases": "«Золотой стандарт» скутеров во Вьетнаме. Идеальный баланс мощности и компактности — лучший выбор для пар, которым тесно на маленьких мопедах.",
    "benefits": [
      "Универсальность: Мощнее Vision, но компактнее и маневреннее больших макси-скутеров",
      "Комфорт для двоих: Длинное сиденье позволяет удобно разместиться пассажиру",
      "Устойчивость: Большие 14-дюймовые колеса и жесткая рама уверенно держат дорогу",
      "Стиль: Агрессивный дизайн с двойной фарой выглядит солидно и современно"
    ],
    "specs": [
      "Двигатель: 125 куб. см",
      "Коробка: Автомат (CVT)",
      "Колеса: 14 дюймов (Литые)"
    ],
    "features": [
      "Дисковый передний тормоз",
      "Вместительный багажник под сиденьем",
      "Хромированная накладка на глушитель",
      "Яркая LED-оптика"
    ],
    "details": "",
    "image": "/images/transport/airblade.webp",
    "isPopular": false,
    "isActive": true
  },
  {
    "id": "honda-pcx-160",
    "title": "Honda PCX 160 (ABS)",
    "slug": "honda-pcx-160",
    "categoryId": "maxi",
    "useCases": "Ваш личный «бизнес-класс» на дорогах Вьетнама. Единственный скутер в прокате, где можно полностью вытянуть ноги и забыть об усталости спины.",
    "benefits": [
      "Максимальная безопасность: Система ABS и трекшн-контроль (HSTC) не дадут уйти в занос на песке или мокрой дороге",
      "Комфорт лимузина: Широкое двухуровневое сиденье и потрясающая плавность хода — дороги не чувствуются",
      "Мощность 160cc: Самый быстрый скутер в классе. Легкие обгоны и уверенная тяга даже с пассажиром",
      "Smart Key: Ключ не нужно доставать из кармана — просто садитесь и едете"
    ],
    "specs": [
      "Двигатель: 160 куб. см (eSP+)",
      "Расход: ~2.5 л / 100 км",
      "Багажник: 30 литров (влезает шлем)"
    ],
    "features": [
      "USB-зарядка (Type-C) в переднем бардачке",
      "Полностью светодиодная (LED) оптика",
      "Система Start-Stop (экономия на светофорах)",
      "Информативная цифровая панель приборов"
    ],
    "details": "",
    "image": "/images/transport/pcx160.webp",
    "isPopular": false,
    "isActive": true
  },
  {
    "id": "yamaha-nvx",
    "title": "Yamaha NVX 155cc",
    "slug": "yamaha-nvx",
    "categoryId": "maxi",
    "useCases": "Выбор тех, кто не идет на компромиссы. Мощь, безопасность и комфорт в одном флаконе. Идеален для динамичной езды с пассажиром.",
    "benefits": [
      "Мощный мотор: Двигатель 155cc с системой VVA обеспечивает взрывное ускорение",
      "Безопасность: Система ABS предотвращает блокировку колес при торможении",
      "Премиум-подвеска: Амортизаторы с выносными бачками для идеальной плавности хода",
      "Статус: Матовый черный цвет выглядит дорого и строго"
    ],
    "specs": [
      "Двигатель: 155 куб. см (VVA)",
      "Тормоза: ABS (спереди)",
      "Подвеска: С выносными бачками"
    ],
    "features": [
      "Бесключевой доступ (Smart Key)",
      "Большой багажник под шлем",
      "Гнездо зарядки для телефона",
      "Широкие бескамерные шины"
    ],
    "details": "",
    "image": "/images/transport/nvx.webp",
    "isPopular": false,
    "isActive": true
  },
  {
    "id": "suzuki-gsx",
    "title": "Suzuki GSX 150cc",
    "slug": "suzuki-gsx",
    "categoryId": "moto",
    "useCases": "Выбор адреналиновых маньяков и опытных райдеров. Настоящий спортбайк с механикой для тех, кто хочет полного контроля и скорости.",
    "benefits": [
      "Король скорости: Самый быстрый байк в классе 150cc с мощным мотором DOHC",
      "Полный контроль: 6-ступенчатая механика позволяет выжать из мотора всё",
      "MotoGP стиль: Агрессивный обвес, клипоны и спортивная посадка",
      "Индивидуальность: Кастомный стикер-бомбинг выделяет байк из толпы"
    ],
    "specs": [
      "Двигатель: 150 куб. см (DOHC)",
      "Коробка: Механика (6 ст.)",
      "Тип: Спортбайк"
    ],
    "features": [
      "Установлены защитные слайдеры (спасают пластик)",
      "Яркая LED-фара",
      "Цифровая приборная панель",
      "Спортивная резина"
    ],
    "details": "",
    "image": "/images/transport/suzuki.webp",
    "isPopular": false,
    "isActive": true
  },
  {
    "id": "toyota-vios",
    "title": "Toyota Vios (АКПП)",
    "slug": "toyota-vios",
    "categoryId": "car",
    "useCases": "«Народный выбор» и лучшая семейная машина. Если вам нужно просто, надежно, прохладно и недорого доехать из точки А в точку Б.",
    "benefits": [
      "Легендарный кондиционер: Охлаждает салон за секунды, спасение в жару",
      "Простор сзади: Полноценных 3 места для взрослых пассажиров",
      "Вместительность: Большой отдельный багажник для чемоданов",
      "Приватность: Тонированные стекла и ветровики защищают от солнца"
    ],
    "specs": [
      "Двигатель: 1.5L",
      "Коробка: Автомат (CVT)",
      "Тип: Седан"
    ],
    "features": [
      "Очень низкий расход топлива",
      "Камера заднего вида",
      "Просторный салон",
      "Мягкая подвеска"
    ],
    "details": "",
    "image": "/images/transport/toyota.webp",
    "isPopular": false,
    "isActive": true
  },
  {
    "title": "тест",
    "pricePerDay": "",
    "categoryId": "",
    "useCases": "",
    "benefits": [],
    "specs": [],
    "features": [],
    "details": "",
    "image": "/images/transport/pcx160.webp",
    "id": "1769245939736"
  }
]