[
  {
    "id": "jeep-tour",
    "title": "Джип-тур (Рассвет/Закат)",
    "slug": "jeep-tour-sunrise-sunset",
    "shortDescription": "Главное приключение в Муйне! Индивидуальная поездка на джипе по вьетнамской пустыне. Вы увидите марсианские пейзажи, встретите рассвет на белых песках и сделаете лучшие фотографии отпуска.",
    "priceFrom": "$25 (за джип)",
    "duration": "4-5 часов",
    "image": "/images/tours/muine.webp",
    "highlights": [
      "Встреча солнца в пустыне",
      "Поездка на квадроциклах по барханам",
      "Прогулка босиком по каньону (Ручей Фей)",
      "Сотни рыбацких лодок",
      "Драгонфрутовые фермы"
    ],
    "schedule": "Старт 04:30 или 14:00",
    "details": "",
    "isPopular": true,
    "isActive": true,
    "included": [
      "Приватный джип (только для вас)",
      "Входные билеты",
      "Водитель",
      "Трансфер от отеля"
    ]
  },
  {
    "id": "fishing",
    "title": "Рыбалка на озере",
    "slug": "fishing-lake-trophies-piranhas",
    "shortDescription": "Отличный способ отдохнуть от моря. Мы едем на озеро, где гарантирован отличный клев. Ловим пираний и сомов, а потом жарим их на гриле. Снасти, еда и напитки уже включены в стоимость.",
    "priceFrom": "35-45$",
    "duration": "08:00 – 14:00",
    "image": "/images/tours/fishing.webp",
    "highlights": [
      "Ловля пираньи и сома",
      "Отдых в беседках",
      "Барбекю из улова",
      "Живописное озеро"
    ],
    "included": [
      "Трансфер",
      "Снасти и наживка",
      "Обед (гриль)",
      "Пиво и вода"
    ],
    "details": "",
    "isPopular": true,
    "isActive": true,
    "schedule": "Ежедневно"
  },
  {
    "id": "mount-taku",
    "title": "Гора Таку и Лежащий Будда",
    "slug": "mount-taku-lying-buddha",
    "shortDescription": "Поездка к самой большой статуе Лежащего Будды во Вьетнаме. Мы поднимемся на гору на канатной дороге, пройдем через тенистые джунгли к древнему храму и загадаем желание у гигантской статуи, лежащей в позе нирваны.",
    "priceFrom": "35-40$",
    "duration": "4-5 часов",
    "image": "/images/tours/taku.webp",
    "highlights": [
      "Статуя Лежащего Будды (49 метров)",
      "Канатная дорога",
      "Буддийский храм в горах",
      "Вид на плантации драгонфрута",
      "Дикие джунгли"
    ],
    "schedule": "Ежедневно (утро)",
    "details": "",
    "isPopular": false,
    "isActive": true,
    "included": [
      "Трансфер",
      "Билеты на фуникулер",
      "Вход в заповедник"
    ]
  },
  {
    "id": "bao-loc",
    "title": "Бао Лок: Чайная столица",
    "slug": "bao-loc-tea-capital",
    "shortDescription": "Путешествие в прохладные горы, скрытые от толп туристов. Вы увидите, где растет вьетнамский чай, прокатитесь на санях сквозь джунгли к подножию самого высокого водопада юга и сделаете сотни зеленых фотографий.",
    "priceFrom": "от 50$",
    "duration": "05:00 – 17:00",
    "image": "/images/tours/baoloc.webp",
    "highlights": [
      "Электросани Alpine Coaster",
      "Водопад Дамбри (90м)",
      "Стеклянный лифт в джунглях",
      "Чайные холмы",
      "Буддийский монастырь"
    ],
    "schedule": "Ежедневно (по набору групп)",
    "details": "",
    "isPopular": false,
    "isActive": true,
    "included": [
      "Трансфер (отель ↔ отель)",
      "Гид",
      "Обед",
      "Билеты в эко-парк",
      "Сани и лифт"
    ]
  },
  {
    "id": "saigon",
    "title": "Сайгон (Хошимин) - 1 день",
    "slug": "saigon-1-day",
    "shortDescription": "Однодневная поездка в самый крупный город Вьетнама. Вы увидите французские соборы и почтамт, побываете в знаменитом музее войны, ощутите аромат благовоний в китайском храме и устроите шоппинг на главном рынке страны.",
    "priceFrom": "60$",
    "duration": "05:00 – 18:00",
    "image": "/images/tours/saigon.webp",
    "highlights": [
      "Собор Нотр-Дам (Париж в Азии)",
      "Музей войны",
      "Центральный Почтамт",
      "Китайский квартал",
      "Рынок Бен Тхань"
    ],
    "schedule": "По набору групп",
    "details": "",
    "isPopular": false,
    "isActive": true,
    "included": [
      "Трансфер (автобус/минивэн)",
      "Гид-историк",
      "Обед",
      "Билеты в музеи"
    ]
  },
  {
    "id": "dalat",
    "title": "Далат: Город вечной весны",
    "slug": "dalat-city-eternal-spring",
    "shortDescription": "Путешествие в 'Вьетнамскую Европу'. Прохладный климат, сосновые леса, французская архитектура и удивительные достопримечательности. Самая популярная экскурсия для тех, кто устал от жары.",
    "priceFrom": "$35-45",
    "duration": "05:00 – 19:00",
    "image": "/images/tours/dalat.webp",
    "highlights": [
      "Водопад Понгур",
      "Crazy House (Дом-дерево)",
      "Канатная дорога над лесом",
      "Монастырь Чук Лам",
      "Пагода из битого стекла"
    ],
    "schedule": "Ежедневно",
    "details": "",
    "isPopular": true,
    "isActive": true,
    "included": [
      "Трансфер",
      "Гид",
      "Обед",
      "Все билеты и фуникулер"
    ]
  },
  {
    "id": "cu-chi",
    "title": "Туннели Ку Чи",
    "slug": "cu-chi-tunnels",
    "shortDescription": "Экскурсия в легендарные партизанские туннели. Вы узнаете, как вьетнамцы воевали и жили под землей. Сможете проползти по туннелю, увидеть хитрые ловушки и даже пострелять из настоящего боевого автомата на полигоне.",
    "priceFrom": "60$",
    "duration": "Весь день",
    "image": "/images/tours/cuchi.webp",
    "highlights": [
      "Реальные подземные туннели",
      "Стрельбище (АК-47, М-16)",
      "Партизанские ловушки",
      "Танки и бункеры",
      "Дегустация тапиоки"
    ],
    "details": "",
    "isPopular": false,
    "isActive": true,
    "schedule": "По запросу",
    "included": [
      "Трансфер",
      "Билеты в комплекс",
      "Гид",
      "Обед"
    ]
  },
  {
    "id": "mekong",
    "title": "Меконг (1 день)",
    "slug": "mekong-1-day",
    "shortDescription": "Приключение в сердце 'Азиатской Венеции'. Вы проплывете на весельной лодке по узким каналам с пальмами, попробуете свежие кокосовые ириски и увидите, как люди живут прямо на реке. Аутентичный и колоритный тур.",
    "priceFrom": "60$",
    "duration": "05:00 – 19:00",
    "image": "/images/tours/mekong.webp",
    "highlights": [
      "Плавание на лодке по джунглям",
      "Кокосовая фабрика",
      "Дегустация фруктов и меда",
      "Дома на сваях",
      "Рыба 'Ухо слона'"
    ],
    "schedule": "По набору групп",
    "details": "",
    "isPopular": false,
    "isActive": true,
    "included": [
      "Трансфер",
      "Катер и джонки (лодки)",
      "Гид",
      "Обед и дегустации"
    ]
  },
  {
    "id": "vinpearl",
    "title": "Винперл (Нячанг)",
    "slug": "vinpearl-nha-trang",
    "shortDescription": "Вьетнамский Диснейленд на острове. Один билет открывает доступ ко всем развлечениям: горки, карусели, зоопарк, океанариум и отличный пляж.",
    "priceFrom": "50-60$",
    "duration": "Весь день",
    "image": "/images/tours/vinpearl.webp",
    "highlights": [
      "Аквапарк с пляжем",
      "Океанариум с туннелем",
      "Зоопарк (жирафы, львы)",
      "Электросани Alpine Coaster",
      "Колесо обозрения",
      "Шоу фонтанов"
    ],
    "schedule": "Ежедневно",
    "details": "",
    "isPopular": true,
    "isActive": true,
    "included": [
      "Трансфер из Муйне",
      "Единый входной билет (всё включено)",
      "Канатная дорога/Катер"
    ]
  },
  {
    "id": "nya-phu",
    "title": "Острова Няфу",
    "slug": "nya-phu-islands",
    "shortDescription": "2 в 1: Релакс среди цветов и веселье с животными. Вы покормите оленей и слонов, искупаетесь на спокойном пляже, а затем отправитесь в гости к тысяче обезьян, которые хозяева острова.",
    "priceFrom": "45$",
    "duration": "05:00 – 19:00",
    "image": "/images/tours/nhaphu.webp",
    "highlights": [
      "Тысячи диких обезьян",
      "Сад орхидей",
      "Пятнистые олени (можно кормить)",
      "Пляж Ан Бинь без волн",
      "Цирковое шоу"
    ],
    "schedule": "Ежедневно",
    "details": "",
    "isPopular": false,
    "isActive": true,
    "included": [
      "Трансфер и катер",
      "Обед (морепродукты)",
      "Все билеты и шоу",
      "Шезлонги"
    ]
  },
  {
    "id": "vinh-hy",
    "title": "Бухта Виньхи",
    "slug": "vinh-hy-bay",
    "shortDescription": "Самая красивая бухта региона с кристально чистой водой. В программе: ныряние с масками к кораллам, отдых на диком пляже, обед из морепродуктов и фотосессия на виноградниках.",
    "priceFrom": "50$",
    "duration": "05:00 – 18:00",
    "image": "/images/tours/vinhhy.webp",
    "highlights": [
      "Коралловые рифы (снорклинг)",
      "Бирюзовая прозрачная вода",
      "Живописная дорога-серпантин",
      "Виноградники Фанранга",
      "Плавучий ресторан"
    ],
    "details": "",
    "isPopular": false,
    "isActive": true,
    "schedule": "Ежедневно",
    "included": [
      "Трансфер",
      "Катер с прозрачным дном (опция)",
      "Обед (морепродукты)",
      "Маски/трубки"
    ]
  }
]