[
  {
    "id": "green-hill-resort",
    "title": "Green Hill Resort & Spa: Оазис в центре Муйне",
    "slug": "green-hill-resort-spa",
    "type": "hotel",
    "slogan": "Green Hill Resort — это не просто отель, а точка притяжения для тех, кто ценит качественный отдых.",
    "territoryDescription": "Много зелени, тенистый двор, собственная терраса для утреннего кофе. Ощущение, что живете на даче, но у моря. \nВсе услуги под рукой: Прямо в резорте находится наш главный офис.",
    "roomFeatures": [
      "Просторные светлые номера",
      "Кондиционер и вентилятор",
      "Рабочая зона (стол/стулья)",
      "Собственный санузел с горячей водой",
      "Холодильник"
    ],
    "details": "",
    "atmosphere": "Наш большой бассейн с баром — центр жизни резорта. Днем здесь можно расслабиться с прохладным коктейлем, а по вечерам это место становится точкой сбора для гостей и друзей отеля.",
    "locationDescription": "Море через дорогу. Вы находитесь в центре событий, но на своей закрытой зеленой территории.",
    "address": "121 Nguyễn Đình Chiểu, Ham Tien",
    "image": "/images/hotels/1768647906226-resort.webp",
    "isPopular": false,
    "isActive": true
  },
  {
    "id": "cozy-guesthouse",
    "title": "Muine Sunlight Bungalow: Свой домик в тропиках",
    "slug": "cozy-guesthouse",
    "type": "guesthouse",
    "slogan": "Ищете спокойное место для зимовки или отпуска? Предлагаем комфортные номера вдали от шума дороги.",
    "territoryDescription": "Много зелени, тенистый двор, собственная терраса для утреннего кофе. Ощущение, что живете на даче, но у моря.",
    "roomFeatures": [
      "Просторные светлые комнаты",
      "Кондиционер и вентилятор",
      "Рабочая зона",
      "Собственный санузел с горячей водой",
      "Холодильник"
    ],
    "details": "",
    "atmosphere": "Спокойная и тихая атмосфера, идеальная для зимовки или отпуска.",
    "locationDescription": "Центр Муйне, 5 минут до моря. Рядом магазины и кафе.",
    "address": "107 Nguyễn Đình Chiểu",
    "image": "/images/hotels/bungalow.webp",
    "isPopular": false,
    "isActive": true
  }
]