[
  {
    "id": "money-exchange",
    "title": "Обмен валюты в Муйне",
    "slug": "money-exchange",
    "shortDescription": "Закончились наличные? Поможем оперативно и по честному курсу.",
    "details": "✅ Рубли (Безнал):\n• Принимаем переводы на карты РФ (Сбер, СБП). Выдаем наличные донги.\n✅ Наличная валюта:\n• Меняем на донги: Доллары (USD), Евро (EUR), Юани (CNY), Фунты (GBP), Криптовалюты.\n🤝 Как это работает:\n• Пишите сумму и валюту — мы фиксируем курс — встречаемся — меняем.",
    "features": [
      "Рубли (Безнал): Сбер, СБП",
      "Наличные: USD, EUR, CNY, GBP",
      "Криптовалюта (USDT)"
    ],
    "requirements": [
      "Написать сумму и валюту",
      "Согласовать курс"
    ],
    "schedule": "",
    "type": "service",
    "image": "/images/services/exchange.webp",
    "isPopular": false,
    "isActive": true,
    "priceFrom": "",
    "included": []
  },
  {
    "id": "visa-run",
    "title": "ВИЗАРАН (Камбоджа)",
    "slug": "visa-run-cambodia",
    "shortDescription": "Продление визы одним днем - вам больше не нужно разбираться с бумагами и искать транспорт.",
    "details": "✅ Что включено в стоимость:\n• Трансфер туда-обратно (комфортабельный микроавтобус).\n• Оформление Е-визы во Вьетнам.\n• Оформление Е-визы в Камбоджу.\n🕓 Тайминг:\n• Выезд ночью: 02:30 (чтобы пройти границу первыми).\n• Возвращение в Муйне: 16:00 – 17:00 (успеваете на закат).\n💰 Всё включено.\n✅ Для бронирования:\n• Нужно фото паспорта и дата окончания текущей визы.",
    "included": [
      "Трансфер туда-обратно",
      "Оформление Е-визы во Вьетнам",
      "Оформление Е-визы в Камбоджу"
    ],
    "schedule": "Выезд: 02:30 — Возврат: 16:30",
    "requirements": [
      "Фото паспорта",
      "Дата окончания визы"
    ],
    "type": "service",
    "image": "/images/services/visarun.webp",
    "isPopular": false,
    "isActive": true,
    "priceFrom": "4 200 000 VND"
  },
  {
    "id": "transfer",
    "title": "Трансфер Аэропорт ⇄ Муйне",
    "slug": "transfer-airport-muine",
    "shortDescription": "Забудьте про тесные автобусы и долгое ожидание такси. Начните отдых с комфорта.",
    "details": "🚘 Автомобиль: Toyota Fortuner (7 мест).\n• Просторный салон, мощный кондиционер, огромный багажник (влезают чемоданы и кайт-снаряжение).\n🛣 Маршрут:\n• Едем по новой скоростной трассе. Время в пути сократилось!\n• Водители опытные, стиль вождения — спокойный и безопасный.\n• Встречаем круглосуточно. Даже если рейс задержится на 3 часа, водитель будет ждать вас с табличкой.\n✅ Направления:\n• Аэропорт Хошимин (SGN)\n• Нячанг / Камрань\n💰 Цена: Фиксированная. Никаких доплат в пути.",
    "features": [
      "Авто: Toyota Fortuner (7 мест)",
      "Просторный салон + Кондиционер",
      "Ожидание рейса (бесплатно)"
    ],
    "schedule": "Круглосуточно 24/7",
    "included": [
      "Встреча с табличкой",
      "Платные дороги включены",
      "Вода в салоне"
    ],
    "requirements": [
      "Дата и номер рейса",
      "Количество пассажиров"
    ],
    "type": "service",
    "image": "/images/servises/transfer.webp",
    "isPopular": false,
    "isActive": true,
    "priceFrom": "от 2 млн VND"
  }
]